geom,start_s,end_s,duration_s,max_force_N,min_distance_m
FL,0.0,30.0,30.0,369.744873046875,-0.017456844449043274
FR,0.0,30.0,30.0,369.8047790527344,-0.017457321286201477
HL,0.0,30.0,30.0,194.2222900390625,-0.015678495168685913
HR,0.0,30.0,30.0,194.2835235595703,-0.015679344534873962
